Workbook

Sheet Logistics_Config
A1: Storage_Location_12 | B1: Travel_Destination_6 | C1: Container_ID | D1: Container_Serial_Number | E1: Vehicle_ID_12 | F1: Vehicle_Number_Plate
A2: Storage Location #01 (Warehouse Bay 1) | B2: Travel Site #01 | C2: CONTAINER-01 | D2: SN-CONT-2026-1001 | E2: VEHICLE-01 | F2: VEH-PLATE-201
A3: Storage Location #02 (Warehouse Bay 2) | B3: Travel Site #02 | C3: CONTAINER-02 | D3: SN-CONT-2026-1002 | E3: VEHICLE-02 | F3: VEH-PLATE-202
A4: Storage Location #03 (Warehouse Bay 3) | B4: Travel Site #03 | C4: CONTAINER-03 | D4: SN-CONT-2026-1003 | E4: VEHICLE-03 | F4: VEH-PLATE-203
A5: Storage Location #04 (Warehouse Bay 4) | B5: Travel Site #04 | C5: CONTAINER-04 | D5: SN-CONT-2026-1004 | E5: VEHICLE-04 | F5: VEH-PLATE-204
A6: Storage Location #05 (Warehouse Bay 5) | B6: Travel Site #05 | C6: CONTAINER-05 | D6: SN-CONT-2026-1005 | E6: VEHICLE-05 | F6: VEH-PLATE-205
A7: Storage Location #06 (Warehouse Bay 6) | B7: Travel Site #06 | C7: CONTAINER-06 | D7: SN-CONT-2026-1006 | E7: VEHICLE-06 | F7: VEH-PLATE-206
A8: Storage Location #07 (Warehouse Bay 7) | E8: VEHICLE-07 | F8: VEH-PLATE-207
A9: Storage Location #08 (Warehouse Bay 8) | E9: VEHICLE-08 | F9: VEH-PLATE-208
A10: Storage Location #09 (Warehouse Bay 9) | E10: VEHICLE-09 | F10: VEH-PLATE-209
A11: Storage Location #10 (Warehouse Bay 10) | E11: VEHICLE-10 | F11: VEH-PLATE-210
A12: Storage Location #11 (Warehouse Bay 11) | E12: VEHICLE-11 | F12: VEH-PLATE-211
A13: Storage Location #12 (Warehouse Bay 12) | E13: VEHICLE-12 | F13: VEH-PLATE-212

Sheet Master_Equipment_Tracker
A1: Equipment_ID | B1: Item_Description | C1: Category | D1: Responsible_Employee (Imported) | E1: Employee_Sheet_Source | F1: Current_Storage_Location (1-12) | G1: Deployment_Status | H1: Transport_Mode | I1: Assigned_Container_ID | J1: Container_Serial_No (Auto) | K1: Assigned_Vehicle (1-12) | L1: Vehicle_Number (Auto) | M1: Travel_Destination (1-6) | N1: Notes / Condition
A2: EQ-1001 | B2: Pelican Case — RF Spectrum Analyzer | C2: RF / Test Gear | D2: Alex Rivera | E2: Emp_Rivera.xlsx | F2: Storage Location #01 (Warehouse Bay 1) | G2: Traveling | H2: Container | I2: CONTAINER-01 | J2: =IF(I2="","",XLOOKUP(I2,Logistics_Config!$C$2:$C$7,Logistics_Config!$D$2:$D$7,"Pending SN")) | L2: =IF(K2="","",XLOOKUP(K2,Logistics_Config!$E$2:$E$13,Logistics_Config!$F$2:$F$13,"Pending Veh #")) | M2: Travel Site #01 | N2: Calibrated Oct 2026
A3: EQ-1002 | B3: Honda EU2200i Field Generator | C3: Power Systems | D3: Alex Rivera | E3: Emp_Rivera.xlsx | F3: Storage Location #03 (Warehouse Bay 3) | G3: Traveling | H3: Vehicle | J3: =IF(I3="","",XLOOKUP(I3,Logistics_Config!$C$2:$C$7,Logistics_Config!$D$2:$D$7,"Pending SN")) | K3: VEHICLE-04 | L3: =IF(K3="","",XLOOKUP(K3,Logistics_Config!$E$2:$E$13,Logistics_Config!$F$2:$F$13,"Pending Veh #")) | M3: Travel Site #02 | N3: Full maintenance check done
A4: EQ-1003 | B4: Fluke 87V Industrial Multimeter Kit | C4: Electrical | D4: Maria Chen | E4: Emp_Chen.xlsx | F4: Storage Location #02 (Warehouse Bay 2) | G4: Staying at Company | H4: None (On-Site) | J4: =IF(I4="","",XLOOKUP(I4,Logistics_Config!$C$2:$C$7,Logistics_Config!$D$2:$D$7,"Pending SN")) | L4: =IF(K4="","",XLOOKUP(K4,Logistics_Config!$E$2:$E$13,Logistics_Config!$F$2:$F$13,"Pending Veh #")) | N4: Remains in Bay 2
A5: EQ-1004 | B5: Starlink High-Performance Field Terminal | C5: Comms / Sat | D5: Maria Chen | E5: Emp_Chen.xlsx | F5: Storage Location #05 (Warehouse Bay 5) | G5: Traveling | H5: Container | I5: CONTAINER-02 | J5: =IF(I5="","",XLOOKUP(I5,Logistics_Config!$C$2:$C$7,Logistics_Config!$D$2:$D$7,"Pending SN")) | L5: =IF(K5="","",XLOOKUP(K5,Logistics_Config!$E$2:$E$13,Logistics_Config!$F$2:$F$13,"Pending Veh #")) | M5: Travel Site #03 | N5: Packed in foam crate #4
A6: EQ-1005 | B6: Hydraulic Cable Crimper & Die Set | C6: Tooling | D6: Devon Brooks | E6: Emp_Brooks.xlsx | F6: Storage Location #08 (Warehouse Bay 8) | G6: Traveling | H6: Vehicle | J6: =IF(I6="","",XLOOKUP(I6,Logistics_Config!$C$2:$C$7,Logistics_Config!$D$2:$D$7,"Pending SN")) | K6: VEHICLE-09 | L6: =IF(K6="","",XLOOKUP(K6,Logistics_Config!$E$2:$E$13,Logistics_Config!$F$2:$F$13,"Pending Veh #")) | M6: Travel Site #05 | N6: Assigned to Truck 9
A7: EQ-1006 | B7: Bench Oscilloscope Tektronix TBS2000B | C7: Lab Bench | D7: Devon Brooks | E7: Emp_Brooks.xlsx | F7: Storage Location #11 (Warehouse Bay 11) | G7: Staying at Company | H7: None (On-Site) | J7: =IF(I7="","",XLOOKUP(I7,Logistics_Config!$C$2:$C$7,Logistics_Config!$D$2:$D$7,"Pending SN")) | L7: =IF(K7="","",XLOOKUP(K7,Logistics_Config!$E$2:$E$13,Logistics_Config!$F$2:$F$13,"Pending Veh #")) | N7: Do not ship

Sheet Container_Vehicle_Summary
A1: Transport Unit | B1: Serial / Vehicle Number | C1: Item Count | D1: Assigned Travel Destination
A2: CONTAINER-01 | B2: =XLOOKUP("CONTAINER-01",Logistics_Config!$C$2:$C$7,Logistics_Config!$D$2:$D$7,"") | C2: =COUNTIF(Master_Equipment_Tracker!$I$2:$I$200,"CONTAINER-01") | D2: Travel Site #01
A3: CONTAINER-02 | B3: =XLOOKUP("CONTAINER-02",Logistics_Config!$C$2:$C$7,Logistics_Config!$D$2:$D$7,"") | C3: =COUNTIF(Master_Equipment_Tracker!$I$2:$I$200,"CONTAINER-02") | D3: Travel Site #02
A4: CONTAINER-03 | B4: =XLOOKUP("CONTAINER-03",Logistics_Config!$C$2:$C$7,Logistics_Config!$D$2:$D$7,"") | C4: =COUNTIF(Master_Equipment_Tracker!$I$2:$I$200,"CONTAINER-03") | D4: Travel Site #03
A5: CONTAINER-04 | B5: =XLOOKUP("CONTAINER-04",Logistics_Config!$C$2:$C$7,Logistics_Config!$D$2:$D$7,"") | C5: =COUNTIF(Master_Equipment_Tracker!$I$2:$I$200,"CONTAINER-04") | D5: Travel Site #04
A6: CONTAINER-05 | B6: =XLOOKUP("CONTAINER-05",Logistics_Config!$C$2:$C$7,Logistics_Config!$D$2:$D$7,"") | C6: =COUNTIF(Master_Equipment_Tracker!$I$2:$I$200,"CONTAINER-05") | D6: Travel Site #05
A7: CONTAINER-06 | B7: =XLOOKUP("CONTAINER-06",Logistics_Config!$C$2:$C$7,Logistics_Config!$D$2:$D$7,"") | C7: =COUNTIF(Master_Equipment_Tracker!$I$2:$I$200,"CONTAINER-06") | D7: Travel Site #06
A8: VEHICLE-01 | B8: =XLOOKUP("VEHICLE-01",Logistics_Config!$E$2:$E$13,Logistics_Config!$F$2:$F$13,"") | C8: =COUNTIF(Master_Equipment_Tracker!$K$2:$K$200,"VEHICLE-01") | D8: Dynamic by Route
A9: VEHICLE-02 | B9: =XLOOKUP("VEHICLE-02",Logistics_Config!$E$2:$E$13,Logistics_Config!$F$2:$F$13,"") | C9: =COUNTIF(Master_Equipment_Tracker!$K$2:$K$200,"VEHICLE-02") | D9: Dynamic by Route
A10: VEHICLE-03 | B10: =XLOOKUP("VEHICLE-03",Logistics_Config!$E$2:$E$13,Logistics_Config!$F$2:$F$13,"") | C10: =COUNTIF(Master_Equipment_Tracker!$K$2:$K$200,"VEHICLE-03") | D10: Dynamic by Route
A11: VEHICLE-04 | B11: =XLOOKUP("VEHICLE-04",Logistics_Config!$E$2:$E$13,Logistics_Config!$F$2:$F$13,"") | C11: =COUNTIF(Master_Equipment_Tracker!$K$2:$K$200,"VEHICLE-04") | D11: Dynamic by Route
A12: VEHICLE-05 | B12: =XLOOKUP("VEHICLE-05",Logistics_Config!$E$2:$E$13,Logistics_Config!$F$2:$F$13,"") | C12: =COUNTIF(Master_Equipment_Tracker!$K$2:$K$200,"VEHICLE-05") | D12: Dynamic by Route
A13: VEHICLE-06 | B13: =XLOOKUP("VEHICLE-06",Logistics_Config!$E$2:$E$13,Logistics_Config!$F$2:$F$13,"") | C13: =COUNTIF(Master_Equipment_Tracker!$K$2:$K$200,"VEHICLE-06") | D13: Dynamic by Route
A14: VEHICLE-07 | B14: =XLOOKUP("VEHICLE-07",Logistics_Config!$E$2:$E$13,Logistics_Config!$F$2:$F$13,"") | C14: =COUNTIF(Master_Equipment_Tracker!$K$2:$K$200,"VEHICLE-07") | D14: Dynamic by Route
A15: VEHICLE-08 | B15: =XLOOKUP("VEHICLE-08",Logistics_Config!$E$2:$E$13,Logistics_Config!$F$2:$F$13,"") | C15: =COUNTIF(Master_Equipment_Tracker!$K$2:$K$200,"VEHICLE-08") | D15: Dynamic by Route
A16: VEHICLE-09 | B16: =XLOOKUP("VEHICLE-09",Logistics_Config!$E$2:$E$13,Logistics_Config!$F$2:$F$13,"") | C16: =COUNTIF(Master_Equipment_Tracker!$K$2:$K$200,"VEHICLE-09") | D16: Dynamic by Route
A17: VEHICLE-10 | B17: =XLOOKUP("VEHICLE-10",Logistics_Config!$E$2:$E$13,Logistics_Config!$F$2:$F$13,"") | C17: =COUNTIF(Master_Equipment_Tracker!$K$2:$K$200,"VEHICLE-10") | D17: Dynamic by Route
A18: VEHICLE-11 | B18: =XLOOKUP("VEHICLE-11",Logistics_Config!$E$2:$E$13,Logistics_Config!$F$2:$F$13,"") | C18: =COUNTIF(Master_Equipment_Tracker!$K$2:$K$200,"VEHICLE-11") | D18: Dynamic by Route
A19: VEHICLE-12 | B19: =XLOOKUP("VEHICLE-12",Logistics_Config!$E$2:$E$13,Logistics_Config!$F$2:$F$13,"") | C19: =COUNTIF(Master_Equipment_Tracker!$K$2:$K$200,"VEHICLE-12") | D19: Dynamic by Route
